cell_line,replicate,dna_count,rna_count,rna_dna_ratio,log2,n_obs_bc,sequence_name
HepG2,1,0.15596277663998,0.267327619886993,1.71404758010999,0.777407157662772,63,skilled_freaky_sunbear
HepG2,1,0.240013827435475,0.796087864262379,3.31684167020085,1.72981014656433,77,zippered_grownup_eyra
HepG2,1,0.149031097678203,0.132283460787453,0.887623206487331,-0.171980708282443,127,flimsy_novel_lice
HepG2,1,0.244274110431625,0.293641068264139,1.20209656170801,0.265552789145561,105,binding_lucid_gemsbok
HepG2,1,0.111493672189427,0.241110723835093,2.1625507448122,1.1127339863586,125,separate_resident_pygmy
HepG2,1,0.0929189840527944,0.0823356524785313,0.886101514322951,-0.17445610737019,66,hoggish_hennish_langur
HepG2,1,0.221813726776861,0.627666915004636,2.82970276062335,1.50065051655668,35,main_kilted_saiga
HepG2,1,0.126493773918696,0.133707334466435,1.05702700081013,0.0800122295468547,73,teen_probable_anole
HepG2,1,0.211887815715613,0.456233759411032,2.15318543857835,1.10647257393932,72,decisive_shapely_rhea
HepG2,1,0.232904413115704,0.272082155868919,1.16821382742006,0.224304366276427,95,catching_suffixal_hoiho
HepG2,1,0.188295208063913,0.130223161861952,0.691590419113325,-0.53201021201682,29,friendly_undyed_mole
HepG2,1,0.130478662809918,0.0658237087744423,0.504478719791408,-0.98713468085586,84,sylphic_jazzy_redhead
HepG2,1,0.19912438373251,0.103852834213433,0.521547548656531,-0.939129307945027,130,heroic_voltaic_antbear
HepG2,1,0.232308139656626,0.117684248238026,0.50658684801994,-0.981118472520552,92,nickelic_binding_owl
HepG2,1,0.15626876967523,0.090995269289657,0.582299774156862,-0.78016603565926,73,unlovely_snotty_antlion
HepG2,1,0.146755546503883,0.0944400500026721,0.643519459758024,-0.635944319290005,65,expected_sphene_oriole
HepG2,1,0.192238563206613,0.0957640606902455,0.498152187016301,-1.00534153750917,81,uncheery_knotty_liger
HepG2,1,0.149382832555457,0.295287261214032,1.97671483504913,0.983104759921867,156,stony_dentine_gorilla
HepG2,1,0.179149555004915,0.146574012485526,0.818165652052582,-0.289535123114301,147,banal_charming_duck
HepG2,1,0.249022877261489,0.182574181705953,0.733162284982513,-0.447795521595723,49,charming_queasy_hydra
HepG2,1,0.147506128306612,0.448337405882764,3.0394493505438,1.60380997788042,39,grouchy_diagonal_bear
HepG2,1,0.231931545892998,0.562342945067714,2.4246074112193,1.27775116720133,37,nearby_ashy_esok
HepG2,1,0.269159931615196,0.131480275167417,0.48848383330468,-1.03361727884952,113,trusting_lazuline_mammal
HepG2,1,0.316454250201655,0.331556459012006,1.04772319790531,0.0672576159627685,89,aromatic_halite_roan
HepG2,1,0.0868770429876038,0.289362082340864,3.33070823303865,1.73582898079573,47,dacite_fatherly_grouse
HepG2,1,0.113048989721789,0.114487277042021,1.01272269061202,0.018239181395779,106,baleful_bared_basenji
HepG2,1,0.241587818698829,0.217317605631492,0.899538754900582,-0.152742656325065,85,windowy_real_joey
HepG2,1,0.144178922404959,0.649479839939636,4.50467952670241,2.17142447303483,71,boarish_quixotic_redpoll
HepG2,1,0.145549681390659,0.0886732161964397,0.609229888717094,-0.714941372946966,88,reserved_kneedeep_duiker
HepG2,1,0.189853469370302,0.209061053540332,1.10117057240901,0.139037961098723,123,inhumane_cold_hake
HepG2,1,0.115612003047333,0.0720570145295978,0.623265860207409,-0.682080404532893,87,aurous_lambskin_manatee
HepG2,1,0.27324406636777,0.131503067310344,0.481265957787896,-1.05509371660333,135,kneedeep_crazy_halcyon
HepG2,1,0.2583830168671,0.287974824530387,1.11452690669104,0.15643144628017,147,allied_antique_cooter
HepG2,1,0.186828472309616,0.303811482539804,1.62615193917724,0.701462061629832,40,carroty_purply_fox
HepG2,1,0.134052643573842,0.19588954979671,1.46128822658246,0.547240765444424,45,hasty_prime_whelp
HepG2,1,0.266017465876479,0.555279668143727,2.08738048952606,1.06169360017172,92,frigid_giddying_sambar
HepG2,1,0.216290654061935,0.609526708454776,2.81809082828071,1.49471811107922,82,denim_illegal_tenrec
HepG2,1,0.246907804957677,1.15633289570201,-4.68325776862427,2.22751244680945,65,wired_cork_doe
HepG2,1,0.0765420113783465,0.054696938186067,0.714600220207181,-0.484791736391328,158,gemstone_whitish_moose
HepG2,1,0.182698187861371,0.122222743909986,0.668987171360051,-0.579949549181597,61,bleached_liquid_rhea
HepG2,1,0.19257464461082,0.188508288784861,0.978884261559061,-0.0307898021120789,43,trendy_calx_sphinx
HepG2,1,0.186652143421121,0.60487240844756,3.24064003424197,1.69627877701008,44,agrarian_mopey_pig
HepG2,1,0.122431263718178,0.0679978330375989,0.555395990962911,-0.848411331556317,178,comfy_exciting_sponge
HepG2,1,0.245299886082646,0.141628205470824,0.577367595772575,-0.792437954978984,118,mucky_abasic_redhead
HepG2,1,0.0922463435167262,0.0768905603958763,0.833535048269252,-0.262685232326929,83,lilac_premium_fantail
HepG2,1,0.13422574235728,0.395904587570257,2.94954291641349,1.56049140080797,38,peppery_docile_prawn
HepG2,1,0.117266557652662,0.102757180996245,0.876270123837068,-0.190552423408532,142,atomic_decayed_moose
HepG2,1,0.26786113334826,0.227876037327289,0.850724532069443,-0.233236037656334,157,acrylic_native_minnow
HepG2,1,0.146433126945375,0.0993552129661297,0.678502296841569,-0.559574395475609,81,dacite_culm_bilby
HepG2,1,0.116416885900722,0.311480231922149,2.6755588719988,1.41984027381174,156,newborn_topazine_wasp
HepG2,1,0.121325386918859,0.106189284569934,0.875243733126951,-0.192243268103948,87,deathly_acardiac_wombat
HepG2,1,0.245935969563844,0.101041558222347,0.410844978884298,-1.28333395982059,159,foilable_dramatic_duck
HepG2,1,0.399816483638093,0.491303577556503,1.2288227165772,0.297276791736758,133,interior_male_hart
HepG2,1,0.178588487712652,0.645578682210876,3.61489528512952,1.85395385635691,51,baggy_balanced_cavy
HepG2,1,0.154917523463204,0.0823827432812961,0.531784535665285,-0.911086270763224,83,milky_heavy_cougar
HepG2,1,0.239915766548306,0.259949891639177,1.08350482912859,0.115705583467899,57,godly_marshy_anchovy
HepG2,1,0.297013990245113,1.00887437937174,3.39672342888345,1.76414375456623,81,phobic_citied_nandoo
HepG2,1,0.189998020511897,0.0944400500026721,0.497058073280077,-1.00851367742839,65,nonfatal_smashed_cock
HepG2,1,0.111087199751664,0.405081976719739,3.64652253027624,1.86652130790033,81,trivial_moudly_rasbora
HepG2,1,0.296394574040965,0.126752061633165,0.427646363106657,-1.22550982415329,22,brown_feudal_tick
HepG2,1,0.189308947947296,0.362166577729754,1.91309804241574,0.935910810789371,105,roseate_shelled_caribou
HepG2,1,0.209701993124283,0.471533114452037,2.24858670834176,1.1690185172214,209,academic_lunatic_eagle
HepG2,1,0.190987306286333,0.234522501397308,1.22794810795282,0.296249594925551,129,cultural_lean_gonolek
HepG2,1,0.159819633908456,0.105142492979959,0.657882203886061,-0.604098807405615,103,alchemic_fumbling_marten
HepG2,1,0.196739131575998,0.615408999579206,3.1280457255728,1.64526160202345,22,depleted_rhyolite_nandu
HepG2,1,0.225899769112224,0.135613250418259,0.600324873952784,-0.736184648836802,75,slippery_crumbly_bats
HepG2,1,0.239317395012314,0.668677439691103,2.79410295125725,1.4823851791339,48,normal_scarred_seabird
HepG2,2,0.275451366713316,0.214377465578284,0.778277008156593,-0.361644357201916,157,acrylic_native_minnow
HepG2,2,0.139250663432617,0.476945389850806,3.42508522468619,1.77613988638044,40,grouchy_diagonal_bear
HepG2,2,0.214476148135437,0.457527390573228,2.13323203792484,1.09304090039784,76,decisive_shapely_rhea
HepG2,2,0.124717609495258,0.0798805595746857,0.640491426174447,-0.642748836573987,84,aurous_lambskin_manatee
HepG2,2,0.284960291953372,0.107962793561811,0.378869606083494,-1.40022668719017,22,brown_feudal_tick
HepG2,2,0.272817576809965,0.128716818259397,0.471805445105381,-1.08373602607429,136,kneedeep_crazy_halcyon
HepG2,2,0.233831204820514,0.251328286100609,1.07482782844798,0.10410557987287,55,godly_marshy_anchovy
HepG2,2,0.31369329436447,0.324731840010135,1.03518897548648,0.0498941581698035,91,aromatic_halite_roan
HepG2,2,0.144638294905944,0.286474934925453,1.98062992315931,0.985959340651662,160,stony_dentine_gorilla
HepG2,2,0.257900618623768,0.284634007146753,1.10365771383427,0.142292806970005,150,allied_antique_cooter
HepG2,2,0.241344653491788,1.17705387746452,4.87706630511528,2.28601358635999,65,wired_cork_doe
HepG2,2,0.179194227446927,0.347362012835149,1.93846653312552,0.954915827732562,105,roseate_shelled_caribou
HepG2,2,0.142008050898411,0.0962400268536531,0.677708244319902,-0.561263772945181,63,expected_sphene_oriole
HepG2,2,0.149452988813482,0.274211304109156,1.83476627858794,0.875596297293236,62,skilled_freaky_sunbear
HepG2,2,0.192580233342292,0.124803864745021,0.648061655025593,-0.625797020715243,29,friendly_undyed_mole
HepG2,2,0.203755633017377,0.672217466454083,3.29913561897331,1.72208808460145,42,agrarian_mopey_pig
HepG2,2,0.257483656160319,0.120494708614598,0.467970318627034,-1.0955110662059,115,trusting_lazuline_mammal
HepG2,2,0.279166007836273,0.944545867549278,3.38345586867883,1.75849757121235,81,phobic_citied_nandoo
HepG2,2,0.183723359403201,0.203695426915449,1.10870728456699,0.148878522537177,119,inhumane_cold_hake
HepG2,2,0.235872982974175,0.0972990578137975,0.412506157284027,-1.27751244094265,160,foilable_dramatic_duck
HepG2,2,0.182116194901433,0.665927357223582,3.6566070226978,1.87050558788547,51,baggy_balanced_cavy
HepG2,2,0.110122530515415,0.1125174739152,1.02174798734261,0.0310394015149756,109,baleful_bared_basenji
HepG2,2,0.234810146292187,0.215876548790791,0.919366357031964,-0.121288221239933,85,windowy_real_joey
HepG2,2,0.225716988012962,0.121563575172625,0.538566353568587,-0.892803993261674,91,nickelic_binding_owl
HepG2,2,0.1137010654403,0.0952734166101886,0.837928969629691,-0.255100141542964,89,deathly_acardiac_wombat
HepG2,2,0.188595672339391,0.189145753564345,1.00291672241537,0.00420181617308929,43,trendy_calx_sphinx
HepG2,2,0.242908939098746,0.179259437056544,0.737969700586739,-0.438366511271904,51,charming_queasy_hydra
HepG2,2,0.0853103576741902,0.323677515854258,3.79411743988249,1.92376433539511,45,dacite_fatherly_grouse
HepG2,2,0.19725199102445,0.69422727132408,3.51949436717233,1.81536817705265,20,depleted_rhyolite_nandu
HepG2,2,0.232880042034848,0.145244791115345,0.62368930306879,-0.681100579503594,76,slippery_crumbly_bats
HepG2,2,0.187486309090404,0.0895081170713454,0.477411484100344,-1.0666948241205,78,uncheery_knotty_liger
HepG2,2,0.150416440524028,0.0845266737540296,0.561951030482783,-0.831483678245005,76,unlovely_snotty_antlion
HepG2,2,0.147236066765235,0.673865426872403,4.57676873389226,2.19432939377465,71,boarish_quixotic_redpoll
HepG2,2,0.178556849605398,0.141994034370954,0.795231516935666,-0.330553159383355,143,banal_charming_duck
HepG2,2,0.180281931067893,0.251000518733908,1.39226664173784,0.47743553724556,129,cultural_lean_gonolek
HepG2,2,0.124530924713221,0.329976769038739,2.64975763890482,1.40586040905689,157,newborn_topazine_wasp
HepG2,2,0.232218689589473,0.148949198374008,0.6414177887117,-0.64066372967924,117,mucky_abasic_redhead
HepG2,2,0.127124877338053,0.0661644363564146,0.520468044822329,-0.942118505794135,178,comfy_exciting_sponge
HepG2,2,0.141642694334565,0.094004062391903,0.663670391427757,-0.591461182707531,80,dacite_culm_bilby
HepG2,2,0.158468840799974,0.129686852231883,0.818374461359122,-0.289166970631875,126,flimsy_novel_lice
HepG2,2,0.143678177234147,0.0919323805073426,0.639849295676431,-0.644195949122943,89,reserved_kneedeep_duiker
HepG2,2,0.128084023119166,0.213395209149517,1.66605642103371,0.736437258426898,44,hasty_prime_whelp
HepG2,2,0.215069205007456,0.620261750427221,2.88401005809139,1.52807619603965,36,main_kilted_saiga
HepG2,2,0.233912311724718,0.551371996367858,2.35717390120425,1.2370581977693,95,frigid_giddying_sambar
HepG2,2,0.149885558969237,0.0907214926598216,0.605271737208796,-0.724345108023405,84,milky_heavy_cougar
HepG2,2,0.104533483460228,0.0551584631519445,0.527663111628063,-0.92231096512068,66,hoggish_hennish_langur
HepG2,2,0.251496288556174,0.310485410368627,1.23455265344513,0.303988368472797,104,binding_lucid_gemsbok
HepG2,2,0.157671821772834,0.303464615608729,1.92465979143659,0.944603453296425,41,carroty_purply_fox
HepG2,2,0.150811595079374,0.0978453761281327,0.648792130848001,-0.624171773568016,102,alchemic_fumbling_marten
HepG2,2,0.237808858154062,0.286500936303132,1.20475300427003,0.268737398704025,94,catching_suffixal_hoiho
HepG2,2,0.207558226479599,0.104141072823144,0.501743894180845,-0.994976939629542,128,heroic_voltaic_antbear
HepG2,2,0.204713826211231,0.473164615265727,2.31134664435171,1.20873364430743,209,academic_lunatic_eagle
HepG2,2,0.191392329145333,0.0889395417154632,0.464697525301169,-1.10563613294218,64,nonfatal_smashed_cock
HepG2,2,0.183510911641221,0.119839245020917,0.653036072619007,-0.614765408856581,61,bleached_liquid_rhea
HepG2,2,0.229694752706103,0.67843048311431,2.95361768225663,1.56248309502332,34,nearby_ashy_esok
HepG2,2,0.121682990791093,0.0585370579009511,0.481061958786404,-1.0557053757834,85,sylphic_jazzy_redhead
HepG2,2,0.107573367681271,0.393351695334218,3.6565899517033,1.87049885259878,37,peppery_docile_prawn
HepG2,2,0.103692588506764,0.0941085255050096,0.907572343021127,-0.139915449290748,140,atomic_decayed_moose
HepG2,2,0.108268286077144,0.256630672595949,2.37032174327662,1.24508290128593,128,separate_resident_pygmy
HepG2,2,0.225270739749514,0.853202923004535,3.78745559211657,1.92122897309812,76,zippered_grownup_eyra
HepG2,2,0.112414169226928,0.140263956253182,1.24774267530309,0.319320434727068,75,teen_probable_anole
HepG2,2,0.239983742839428,0.753613693165318,3.14026977098011,1.65088850196318,48,normal_scarred_seabird
HepG2,2,0.0950533829607757,0.0703526374085485,0.740138175172365,-0.434133464649658,82,lilac_premium_fantail
HepG2,2,0.378781348141389,0.49251730090004,1.30026809217701,0.378809112006375,133,interior_male_hart
HepG2,2,0.213694932188957,0.63214190559591,2.95815113218009,1.56469576172598,81,denim_illegal_tenrec
HepG2,2,0.0772421602188057,0.0506813621730104,0.656136001756607,-0.607933211867764,159,gemstone_whitish_moose
HepG2,2,0.107223327357863,0.409007484203242,3.81453825656947,1.9315084318241,83,trivial_moudly_rasbora
HepG2,3,0.272048881456098,0.129412692927666,0.475696471292238,-1.07188677143284,135,kneedeep_crazy_halcyon
HepG2,3,0.102705189481293,0.321373733647488,3.12908953550029,1.64574294032194,43,dacite_fatherly_grouse
HepG2,3,0.20851921083319,0.678043401520709,3.25170711519298,1.70119731814863,42,agrarian_mopey_pig
HepG2,3,0.211425968632205,0.642907468442596,3.04081600099463,1.60445852189857,79,denim_illegal_tenrec
HepG2,3,0.118400903188239,0.322594718896955,2.72459677426682,1.44604273454641,157,newborn_topazine_wasp
HepG2,3,0.269148478011379,0.12762872832124,0.474194501355657,-1.07644916111198,112,trusting_lazuline_mammal
HepG2,3,0.241807656638413,0.874580709082831,3.61684456663271,1.85473159971707,75,zippered_grownup_eyra
HepG2,3,0.257147464529383,0.316897151673655,1.23235573118958,0.301418763779784,105,binding_lucid_gemsbok
HepG2,3,0.149359067087646,0.0869390362748603,0.582080739857885,-0.780708813036315,89,reserved_kneedeep_duiker
HepG2,3,0.141867203530421,0.641007772277208,4.51836475468239,2.17580074008255,71,boarish_quixotic_redpoll
HepG2,3,0.269457590291293,0.105382122320427,0.391089826812839,-1.35442808629683,22,brown_feudal_tick
HepG2,3,0.250617962852182,0.750186138781158,2.99334544995735,1.58175878407533,48,normal_scarred_seabird
HepG2,3,0.155030670041399,0.261812016114234,1.68877562126462,0.755977657569325,61,skilled_freaky_sunbear
HepG2,3,0.256603310914807,0.553872603029541,2.15847800659684,1.11001439280617,96,frigid_giddying_sambar
HepG2,3,0.285996877867417,0.319127327366008,1.11584199710722,0.158132756443156,92,aromatic_halite_roan
HepG2,3,0.244951135894201,0.144624413952316,0.590421487225852,-0.760182868492289,120,mucky_abasic_redhead
HepG2,3,0.147944380086148,0.0924006627503536,0.624563519726457,-0.679079789772772,79,dacite_culm_bilby
HepG2,3,0.156770269719619,0.0796095210910349,0.50781006649676,-0.977639100569513,82,milky_heavy_cougar
HepG2,3,0.18123933754392,0.133425718910261,0.73618520525616,-0.441859337990763,29,friendly_undyed_mole
HepG2,3,0.205182903459859,0.182667090923654,0.890264675289529,-0.167693782447943,42,trendy_calx_sphinx
HepG2,3,0.196619714534976,0.255016668549412,1.29700457124836,0.375183564328027,128,cultural_lean_gonolek
HepG2,3,0.155894522531182,0.0851510869427295,0.546209613783561,-0.872473387822232,74,unlovely_snotty_antlion
HepG2,3,0.103165492851517,0.0635970948101674,0.616457044427641,-0.697927725726094,67,hoggish_hennish_langur
HepG2,3,0.140418100327863,0.0850291813064479,0.60554288306075,-0.723698963228057,65,expected_sphene_oriole
HepG2,3,0.272667110639787,0.220558543997227,0.808893098546824,-0.305979042895894,157,acrylic_native_minnow
HepG2,3,0.147827428007029,0.282039290027699,1.90789553623491,0.931982181049037,160,stony_dentine_gorilla
HepG2,3,0.0757156423336517,0.0465611805242397,0.61494796965548,-0.701463744753337,161,gemstone_whitish_moose
HepG2,3,0.12740334218989,0.0723433760308891,0.567829499504527,-0.816470293934644,175,comfy_exciting_sponge
HepG2,3,0.11050996876132,0.246716055302815,2.23252307523201,1.15867508703776,127,separate_resident_pygmy
HepG2,3,0.103422495566559,0.110903652607227,1.07233587818284,0.100756859053211,109,baleful_bared_basenji
HepG2,3,0.216547364638623,0.108253644848451,0.49990746841508,-1.00026701442541,126,heroic_voltaic_antbear
HepG2,3,0.254010743135433,0.220785449145623,0.869197288352109,-0.202244421158626,84,windowy_real_joey
HepG2,3,0.200982333605056,0.382461518742766,1.90296088159833,0.928245905014898,104,roseate_shelled_caribou
HepG2,3,0.158031496910204,0.124536607533427,0.788049281113821,-0.343642242622707,127,flimsy_novel_lice
HepG2,3,0.184927404448074,0.151409305172138,0.818749960959155,-0.288505162142626,145,banal_charming_duck
HepG2,3,0.130745336450789,0.228801641096114,1.7499793668146,0.807337912017753,43,hasty_prime_whelp
HepG2,3,0.183311555123578,0.65278775094984,3.56108348167015,1.83231625686913,53,baggy_balanced_cavy
HepG2,3,0.104743972932844,0.394775981300749,3.76896130867461,1.91416698468925,82,trivial_moudly_rasbora
HepG2,3,0.218589591246903,0.594699002363178,2.72061903300533,1.44393495082735,37,nearby_ashy_esok
HepG2,3,0.186858235211838,0.310013652166493,1.65908476987934,0.73038760176101,39,carroty_purply_fox
HepG2,3,0.259074080207901,0.19227028663539,0.742144048069562,-0.430228857817683,50,charming_queasy_hydra
HepG2,3,0.10510526666053,0.0852069603593586,0.81068211961786,-0.30279177150762,143,atomic_decayed_moose
HepG2,3,0.275375555660722,0.927594109681002,3.36846931622301,1.75209315770889,81,phobic_citied_nandoo
HepG2,3,0.107676508979282,0.0939050074087519,0.872103008343447,-0.197429546067028,88,deathly_acardiac_wombat
HepG2,3,0.226556934982771,0.141845915359143,0.626093901605486,-0.675549046002544,76,slippery_crumbly_bats
HepG2,3,0.233993264584966,0.0974487912388062,0.416459813113216,-1.2637508075066,160,foilable_dramatic_duck
HepG2,3,0.233011218855938,0.276943941287419,1.18854337849991,0.249194558564027,94,catching_suffixal_hoiho
HepG2,3,0.222364886432514,0.629033083213292,2.82883279507441,1.5002069053146,21,depleted_rhyolite_nandu
HepG2,3,0.091089230586813,0.0754896980817576,0.828744491477638,-0.271000718976533,82,lilac_premium_fantail
HepG2,3,0.122816798013867,0.438102097022417,3.56711870124599,1.83475922445334,40,grouchy_diagonal_bear
HepG2,3,0.260962785306361,0.273665714101654,1.04867716590463,0.0685706142054137,146,allied_antique_cooter
HepG2,3,0.38502458988552,0.497832142165171,1.29298791620865,0.370708792311887,135,interior_male_hart
HepG2,3,0.125817136335193,0.056066083582981,0.445615638823742,-1.16612823012336,86,sylphic_jazzy_redhead
HepG2,3,0.210539029351099,0.457739190502947,2.17412986045268,1.12043811489871,73,decisive_shapely_rhea
HepG2,3,0.12681971587506,0.135571258108818,1.0690077420011,0.096272301427107,74,teen_probable_anole
HepG2,3,0.196541867362932,0.0898863590020447,0.457339498235568,-1.1286625716581,79,uncheery_knotty_liger
HepG2,3,0.23324537199554,0.132099823899917,0.566355605557064,-0.820219912363389,88,nickelic_binding_owl
HepG2,3,0.207880821249255,0.481924335757601,2.3182722333955,1.21304999115394,207,academic_lunatic_eagle
HepG2,3,0.122684075273111,0.0779145161544932,0.635082556403878,-0.654983950289493,86,aurous_lambskin_manatee
HepG2,3,0.20286312723934,0.081400583851502,0.401258646454093,-1.31739561464733,63,nonfatal_smashed_cock
HepG2,3,0.191597790709114,0.205881996183843,1.07455308029316,0.103736750131248,120,inhumane_cold_hake
HepG2,3,0.176318463539621,0.128472810881334,0.728640712391785,-0.456720487777033,61,bleached_liquid_rhea
HepG2,3,0.242579876108197,0.249967507195514,1.03045442682979,0.0432807012473461,54,godly_marshy_anchovy
HepG2,3,0.215579558598915,0.616480097423209,2.85964078148136,1.5158339318554,36,main_kilted_saiga
HepG2,3,0.237022880348823,1.09842278534818,4.6342478993237,2.21233522019736,68,wired_cork_doe
HepG2,3,0.12873756582935,0.392496048288649,3.04880743829604,1.60824503306714,37,peppery_docile_prawn
HepG2,3,0.157244745750506,0.102741353166193,0.653384967973481,-0.613994830928002,101,alchemic_fumbling_marten
K562,2,0.377558405296207,0.458712685176427,1.21494496941884,0.280890968856129,133,interior_male_hart
K562,2,0.124986210548132,0.0806946314612803,0.645628274570374,-0.63122433366752,77,teen_probable_anole
K562,2,0.199303882756486,0.114557113483315,0.574786160203828,-0.798902770123572,78,uncheery_knotty_liger
K562,2,0.131932876374741,0.0891943873829141,0.676058840175418,-0.564779279245171,36,peppery_docile_prawn
K562,2,0.1428930627106,0.0654280795632003,0.457881427705914,-1.12695404636416,38,grouchy_diagonal_bear
K562,2,0.17537431250908,0.555251858608354,3.16609571073647,1.66270486865189,150,banal_charming_duck
K562,2,0.215710453561591,0.7016415423474,3.25270069559731,1.70163807573176,37,nearby_ashy_esok
K562,2,0.199959849147555,0.278832665738505,1.39444326912223,0.479689241629849,103,roseate_shelled_caribou
K562,2,0.131365149803315,0.0815282336601596,0.62062300223634,-0.688210926223574,89,reserved_kneedeep_duiker
K562,2,0.128452324285946,0.0849246328842035,0.661137378060624,-0.596978013693153,85,aurous_lambskin_manatee
K562,2,0.180203115563345,0.194856716953676,1.08131713674607,0.112789709483417,43,trendy_calx_sphinx
K562,2,0.206688484505573,0.0969644139126628,0.469133121492544,-1.09193073405308,39,agrarian_mopey_pig
K562,2,0.183409576694365,0.0961184967747036,0.524064765357787,-0.932182979905774,60,bleached_liquid_rhea
K562,2,0.149650121643479,0.0909969576401207,0.60806470880731,-0.717703234856793,83,milky_heavy_cougar
K562,2,0.242771457104878,0.108843793909834,0.448338512310419,-1.1573396625681,158,foilable_dramatic_duck
K562,2,0.248866125085288,0.260708073310668,1.04758360834092,0.0670653909654446,85,windowy_real_joey
K562,2,0.150703673157957,0.375647812993463,2.49262546241812,1.31766612225761,153,stony_dentine_gorilla
K562,2,0.133921548899909,0.0861905901445891,0.643590152985809,-0.63578584208147,64,expected_sphene_oriole
K562,2,0.199566003425507,0.115420760571383,0.578358831615662,-0.789963231978914,61,nonfatal_smashed_cock
K562,2,0.226019882391036,0.131737345383144,0.582857330910498,-0.778785304388971,197,academic_lunatic_eagle
K562,2,0.14382379053703,0.0949109462246242,0.659911311405658,-0.599655947981117,102,alchemic_fumbling_marten
K562,2,0.227658740302446,0.155163682018668,0.681562595894769,-0.553081932149072,21,depleted_rhyolite_nandu
K562,2,0.126662340144485,0.342746206422928,2.70598353095288,1.43615305886918,44,hasty_prime_whelp
K562,2,0.220935088817399,1.02570543589051,4.64256466177828,2.21492200419994,96,catching_suffixal_hoiho
K562,2,0.254901327373308,0.136635639487817,0.53603345614482,-0.899605046614925,103,binding_lucid_gemsbok
K562,2,0.264267562118763,0.839468056812891,3.17658380045763,1.66747607892461,92,frigid_giddying_sambar
K562,2,0.0962396405181971,0.325239867885832,3.37947924716464,1.75680095496484,111,baleful_bared_basenji
K562,2,0.111213340138811,0.106760576721746,0.95996196668936,-0.0589508469239933,144,atomic_decayed_moose
K562,2,0.27492371059592,0.14344664362613,0.521768905690955,-0.938517124174148,110,trusting_lazuline_mammal
K562,2,0.106820962250564,0.0977059321477124,0.914670024395855,-0.128676723105813,90,deathly_acardiac_wombat
K562,2,0.104600774208505,0.358389121232384,3.42625686993475,1.7766333157795,127,separate_resident_pygmy
K562,2,0.192200213210486,0.235366611548686,1.22459079320025,0.292299741679624,129,cultural_lean_gonolek
K562,2,0.0732928448715751,0.0519968058717358,28.3775618003888,-0.495249361609238,158,gemstone_whitish_moose
K562,2,0.257694774162413,0.124518092099326,0.483199911616555,-1.04930790411172,48,normal_scarred_seabird
K562,2,0.268685207533274,0.203417831836913,0.757086084881402,-0.401470742932048,157,acrylic_native_minnow
K562,2,0.152371032946088,0.0831123547822824,0.545460335703632,-0.874453803130748,69,boarish_quixotic_redpoll
K562,2,0.111603990411037,0.0545038688659813,0.488368459454215,-1.03395806585267,66,hoggish_hennish_langur
K562,2,0.212755108965464,0.0988923613237918,0.464817798287725,-1.10526278300847,49,baggy_balanced_cavy
K562,2,0.151235476467492,0.12862202958034,0.850475249489407,-0.23365884366474,81,dacite_culm_bilby
K562,2,0.187994816111724,0.346463490647,1.84294172473936,0.882010452542824,39,carroty_purply_fox
K562,2,0.246113705478764,0.80751174246088,3.28105149971243,1.71415823871968,53,charming_queasy_hydra
K562,2,0.262539460953807,0.848346169014677,3.23130917513364,1.6921187958191,137,kneedeep_crazy_halcyon
K562,2,0.256773407372111,0.131455442405878,0.511951154721311,-0.965921925683466,114,mucky_abasic_redhead
K562,2,0.22280324201833,0.88547133962623,3.9742300498185,1.99067538595605,76,slippery_crumbly_bats
K562,2,0.194865138683823,0.165751134893441,0.850594087854674,-0.233457267495265,116,inhumane_cold_hake
K562,2,0.206531724183612,0.476316419220098,2.30626273567852,1.20555687806713,35,main_kilted_saiga
K562,2,0.191874634080259,0.116432902476024,0.606817587088252,-0.720665195793324,29,friendly_undyed_mole
K562,2,0.157224332514,0.122753545753294,0.780754122408902,-0.357059813141446,124,flimsy_novel_lice
K562,2,0.0913841422340805,0.078097334969529,0.854604891617658,-0.226670520095883,43,dacite_fatherly_grouse
K562,2,0.242549018705404,0.131895838198912,0.543790442455305,-0.878877299801826,72,zippered_grownup_eyra
K562,2,0.289490675580882,0.524120327478173,1.81049122368619,0.856381183400613,78,phobic_citied_nandoo
K562,2,0.126975860788407,0.0740491912232925,0.583175343435463,-0.777998370859275,84,sylphic_jazzy_redhead
K562,2,0.257478828820936,0.636151765253032,2.4706954283043,1.30491717531367,63,wired_cork_doe
K562,2,0.276939581377667,0.294862545231489,1.06471795676393,0.0904713118902272,142,allied_antique_cooter
K562,2,0.319377622984271,0.134844156356919,0.422209155096506,-1.2439702327605,90,aromatic_halite_roan
K562,2,0.208913275228789,0.101282667163834,0.484807234259841,-1.04451686812079,129,heroic_voltaic_antbear
K562,2,0.233292950575525,0.436218353316365,1.86983083818105,0.902907756767241,55,godly_marshy_anchovy
K562,2,0.118092775877284,0.144351037100506,1.2223528156414,0.289660759715035,80,trivial_moudly_rasbora
K562,2,0.163287718973798,0.328885146604353,2.01414502371197,1.01016756490255,60,skilled_freaky_sunbear
K562,2,0.120140721284269,0.468779321193397,3.90191865158028,1.9641837005033,160,newborn_topazine_wasp
K562,2,0.234230261717204,0.119505911632283,0.510206967947494,-0.97084549278224,92,nickelic_binding_owl
K562,2,0.219824575809359,0.604897331615742,2.751727505392,1.4603376117246,73,decisive_shapely_rhea
K562,2,0.31283907730477,0.15137592205028,0.483877920093749,-1.04728498600541,22,brown_feudal_tick
K562,2,0.0964352615922409,0.3332880714879,3.45608096027311,1.7891370136867,84,lilac_premium_fantail
K562,2,0.237130133181768,0.252988574311041,1.06687653279863,0.0933932259976064,77,denim_illegal_tenrec
K562,2,0.150678021468909,0.0981363035155059,0.651298062974335,-0.618610158926301,74,unlovely_snotty_antlion
K562,2,0.130138094869344,0.0660898808277476,0.507844231883834,-0.977542039523055,173,comfy_exciting_sponge
K562,1,0.147601596092262,0.372881881904634,2.52627269471771,1.33701037708383,154,stony_dentine_gorilla
K562,1,0.313663370170644,0.138614289008231,0.441920549832835,-1.17814107519186,85,aromatic_halite_roan
K562,1,0.253279046976633,0.806976208348478,3.18611514841546,1.67179840780672,95,frigid_giddying_sambar
K562,1,0.218421456151218,0.733263770365467,3.35710503576999,1.74721767621148,37,nearby_ashy_esok
K562,1,0.0966480261163116,0.322920280869918,3.34119892403491,1.74036587856495,108,baleful_bared_basenji
K562,1,0.212820905993494,0.104230231520319,0.48975560475955,-1.02986609210856,126,heroic_voltaic_antbear
K562,1,0.167712127005743,0.202821708022218,1.20934431900248,0.274225060629087,45,trendy_calx_sphinx
K562,1,0.212820905993494,0.105918090098949,0.497686491862724,-1.00669086476841,57,bleached_liquid_rhea
K562,1,0.222494583538653,1.03453363842369,4.64970257688975,2.21713843566808,98,catching_suffixal_hoiho
K562,1,0.297120096029878,0.54965771299295,1.84995131711884,0.887487305619775,76,phobic_citied_nandoo
K562,1,0.258651150601004,0.150612427976629,0.582299470258162,-0.780166788593198,100,binding_lucid_gemsbok
K562,1,0.233511827409528,0.136052307115762,0.58263561475692,-0.779334203119418,89,nickelic_binding_owl
K562,1,0.159615679495121,0.100077994905523,0.626993508545521,-0.673477588443247,75,milky_heavy_cougar
K562,1,0.096795050617523,0.142743312474143,1.47469639783733,0.560417971139949,82,trivial_moudly_rasbora
K562,1,0.191434491420619,0.279424834730827,1.45963683272142,0.545609461703758,101,roseate_shelled_caribou
K562,1,0.158251442918239,0.351739326417031,2.22266110141414,1.15228799128811,38,carroty_purply_fox
K562,1,0.195085830494036,0.140795232497906,0.721709168427843,-0.47051051234022,20,depleted_rhyolite_nandu
K562,1,0.110595133732574,0.0949684442334112,0.858703642992563,-0.219767782563536,88,deathly_acardiac_wombat
K562,1,0.0843497493266898,0.081543045969657,0.966725409625554,-0.0488219326182935,40,dacite_fatherly_grouse
K562,1,0.157842171945175,0.32701309654019,2.07177266069156,1.05086570221018,59,skilled_freaky_sunbear
K562,1,0.104468656409215,0.101960427712561,0.975990610170873,-0.0350608269404726,136,atomic_decayed_moose
K562,1,0.273328810638703,0.211207481383785,0.772723083564605,-0.371976598646543,152,acrylic_native_minnow
K562,1,0.26807248735719,0.857515296162159,3.19881873972234,1.67753924480977,51,charming_queasy_hydra
K562,1,0.220109293185052,0.622997947060899,2.83040274241,1.50100735098562,72,decisive_shapely_rhea
K562,1,0.0789496909330705,0.0517666820865435,0.65569201696341906,-0.60890976470042,154,gemstone_whitish_moose
K562,1,0.211456669416613,0.111040328103472,0.525120954613639,-0.929278328255689,77,uncheery_knotty_liger
K562,1,0.225258491408698,0.895381695393848,3.97490762632033,1.99092133370566,76,slippery_crumbly_bats
K562,1,0.198705233657191,0.0850741510853073,0.428142477777301,-1.2238371165389,48,baggy_balanced_cavy
K562,1,0.248404019256738,0.110066881357212,0.443096217551344,-1.17430808343974,156,foilable_dramatic_duck
K562,1,0.244621731027005,0.258670709833487,1.05743144220058,0.0805641302922818,86,windowy_real_joey
K562,1,0.154827209110267,0.0993576532938405,0.641732508548149,-0.639956026524922,99,alchemic_fumbling_marten
K562,1,0.383157041574108,0.47942480821745,1.25124885150968,0.323368744847843,133,interior_male_hart
K562,1,0.124145528496205,0.0975118924720481,0.785464395320762,-0.348382214477201,38,peppery_docile_prawn
K562,1,0.161389187045066,0.104477027648623,0.647360765374255,-0.627358164180017,29,friendly_undyed_mole
K562,1,0.159615679495121,0.0820555531757163,0.514082034016117,-0.959929500789319,88,reserved_kneedeep_duiker
K562,1,0.236671524768627,0.430877672647424,1.82057251318533,0.86439220429765,57,godly_marshy_anchovy
K562,1,0.199519599368901,0.443446939575266,2.22257332601875,1.15223101650772,35,main_kilted_saiga
K562,1,0.122402775412443,0.0670343934624113,0.547654195229929,-0.868662873783382,172,comfy_exciting_sponge
K562,1,0.273572973129935,0.306465947769294,1.1202347376023,0.163801070935437,140,allied_antique_cooter
K562,1,0.263729504009924,0.842656084150153,3.19515287951417,1.67588496192041,138,kneedeep_crazy_halcyon
K562,1,0.272314022896221,0.139049425888713,0.51062161400959,-0.969673488273388,109,trusting_lazuline_mammal
K562,1,0.230833092047631,0.132283153236355,0.573068410871781,-0.80322072181402,191,academic_lunatic_eagle
K562,1,0.121611946281997,0.485980409975489,3.99615683190026,1.9986132037922,160,newborn_topazine_wasp
K562,1,0.203271249955325,0.170020735592289,0.836422935509357,-0.257695472352576,116,inhumane_cold_hake
K562,1,0.316918088272921,0.1662547483452,0.524598483006203,-0.930714459153685,22,brown_feudal_tick
K562,1,0.120290077300671,0.327512769281118,2.72269148570322,1.44503351662253,45,hasty_prime_whelp
K562,1,0.269621080228244,0.131443395595768,0.487511568029086,-1.03649164230165,73,zippered_grownup_eyra
K562,1,0.144508022588175,0.113118954626966,0.78278667579126,-0.353308895557128,80,dacite_culm_bilby
K562,1,0.103032343377803,0.0570477738271846,0.553688016373652,-0.85285479733799,62,hoggish_hennish_langur
K562,1,0.140495051222268,0.09223362597105,0.65649021206543,-0.607154593456836,63,expected_sphene_oriole
K562,1,0.141448041178603,0.0782303597271397,0.553067819640995,-0.854471693883948,81,sylphic_jazzy_redhead
K562,1,0.160979916072002,0.0645614452905593,0.40105279506844,-1.31813592760908,38,grouchy_diagonal_bear
K562,1,0.117677442137579,0.0791567127126038,0.672658338545972,-0.572054188040222,84,aurous_lambskin_manatee
K562,1,0.150251559631407,0.126208249399537,0.839979629556906,-0.25157375353594,124,flimsy_novel_lice
K562,1,0.243580177562866,0.641717493260527,2.63452264334976,1.39754157952465,63,wired_cork_doe
K562,1,0.128275614571421,0.0891632715412221,0.69509136120005,-0.524725480090496,72,teen_probable_anole
K562,1,0.232772865930384,0.12188986559006,0.523642930213842,-0.933344715198357,47,normal_scarred_seabird
K562,1,0.268902090680969,0.1137952490335,0.423184694270411,-1.24064064583687,36,agrarian_mopey_pig
K562,1,0.244324000630689,0.278101351227848,1.13824818892113,0.186815163871429,75,denim_illegal_tenrec
K562,1,0.111814108812988,0.386809870333456,3.4594012726999,1.79052236859878,127,separate_resident_pygmy
K562,1,0.238536765467708,0.120496838554745,0.505149964276921,-0.985216349397101,59,nonfatal_smashed_cock
K562,1,0.0994431019076744,0.319401198811505,3.21189899233076,1.68342652375347,83,lilac_premium_fantail
K562,1,0.235246249393635,0.131761937348594,0.560102180962375,-0.83623804893118,120,mucky_abasic_redhead
K562,1,0.185187183703641,0.247424278656235,1.33607668580453,0.418002815487744,128,cultural_lean_gonolek
K562,1,0.157367571333218,0.0890261996160801,0.565721379963168,-0.821836399981367,70,boarish_quixotic_redpoll
K562,1,0.161093602453409,0.0988178553176559,0.613418868364036,-0.705055551242056,71,unlovely_snotty_antlion
K562,1,0.179658744271905,0.562601637927037,3.13150155984373,1.64685459756898,145,banal_charming_duck
K562,3,0.231325040205908,0.260404941170433,1.12571013038035,0.170835382213508,76,denim_illegal_tenrec
K562,3,0.177716332879128,0.565462665303833,3.18182721949606,1.66985549615167,147,banal_charming_duck
K562,3,0.0707467779779873,0.0510227272488831,0.72120213396515,-0.471524429320124,163,gemstone_whitish_moose
K562,3,0.104889724509733,0.351468593141417,3.35083912923048,1.74452242571502,108,baleful_bared_basenji
K562,3,0.192090499072945,0.276843912316946,1.4412160604144,0.52728663386257,104,roseate_shelled_caribou
K562,3,0.0938045511721322,0.10672462071089,1.13773393057496,0.186163209735214,90,deathly_acardiac_wombat
K562,3,0.252153909084756,0.112651830827192,0.446758216979801,-1.1624338306749,158,foilable_dramatic_duck
K562,3,0.247439633124791,0.129244029789584,0.52232549877894,-0.936978960267789,118,mucky_abasic_redhead
K562,3,0.15688480235418,0.128165783894498,0.816941998021923,-0.291694442632227,76,dacite_culm_bilby
K562,3,0.276554649864206,0.213990071623843,0.77377137476776,-0.370020736802118,154,acrylic_native_minnow
K562,3,0.104508664922272,0.318763604996253,3.0501165164949,1.60886435564556,45,hasty_prime_whelp
K562,3,0.260054855505826,0.115218275646359,0.443053737344189,-1.17444640310879,48,normal_scarred_seabird
K562,3,0.189166867453982,0.104090356716412,0.550256808273961,-0.861823004334699,64,nonfatal_smashed_cock
K562,3,0.242054095492677,0.266498085240174,1.10098564826075,0.138795662982211,85,windowy_real_joey
K562,3,0.0981833044633508,0.072160283100223,0.734954720607906,-0.444272724348771,42,dacite_fatherly_grouse
K562,3,0.326757059716911,0.134177804700485,0.410634753589506,-1.2840723614753,91,aromatic_halite_roan
K562,3,0.134100611610499,0.0990657135657281,0.738741698311328,-0.436858081945582,63,expected_sphene_oriole
K562,3,0.225772565192406,0.125695727028236,0.556736053918315,-0.844934580526985,94,nickelic_binding_owl
K562,3,0.147392829467384,0.0955098863910609,0.647995473973825,-0.625944358472402,75,unlovely_snotty_antlion
K562,3,0.284049191840021,0.143674963290901,0.505810146334863,-0.983332117751428,22,brown_feudal_tick
K562,3,0.135978501683321,0.0655303942738668,0.481917313859507,-1.05314246112521,39,grouchy_diagonal_bear
K562,3,0.234639112292874,0.428418831959903,1.82586282301117,0.868578379782377,56,godly_marshy_anchovy
K562,3,0.181304668911095,0.0948417102311234,0.523106827864594,-0.934822493936447,29,friendly_undyed_mole
K562,3,0.202810481675809,0.184302737931468,0.908743652737212,-0.13805471255007,116,inhumane_cold_hake
K562,3,0.195697908335926,0.253054312096001,1.29308644250617,0.370818722175589,126,cultural_lean_gonolek
K562,3,0.153866269310896,0.081883410685294,0.532172587611411,-0.910033896319068,70,boarish_quixotic_redpoll
K562,3,0.109142329018719,0.0996491394406735,0.913020093455976,-0.131281483954644,143,atomic_decayed_moose
K562,3,0.255949461777231,0.83287284903316,3.25405196498542,1.70223729004798,53,charming_queasy_hydra
K562,3,0.26004346218373,0.831853685765622,3.19890251721802,1.67757702869335,137,kneedeep_crazy_halcyon
K562,3,0.155260994686501,0.382216040203717,2.46176472703578,1.29969288880941,156,stony_dentine_gorilla
K562,3,0.16139835321556,0.0944796325972179,0.585381639371705,-0.772550598889244,98,alchemic_fumbling_marten
K562,3,0.216416981818935,0.129329604860623,0.597594531508743,-0.742761148569641,21,depleted_rhyolite_nandu
K562,3,0.248429670541069,0.632469551571574,2.54586962255387,1.34815853875569,64,wired_cork_doe
K562,3,0.128769604993514,0.075078575450116,0.583045785174986,-0.778318915661764,83,sylphic_jazzy_redhead
K562,3,0.15995312757029,0.327163004921761,2.04536797680302,1.03236041800886,62,skilled_freaky_sunbear
K562,3,0.0941207554571063,0.326471061164625,3.46864046701588,1.79437030953915,82,lilac_premium_fantail
K562,3,0.153390778866757,0.0814331414485581,0.530886811125035,-0.913523793999943,88,reserved_kneedeep_duiker
K562,3,0.163478610467062,0.329769380398404,2.01720200248978,1.0123555625815,40,carroty_purply_fox
K562,3,0.150820347809396,0.0991027782683717,0.657091564286908,-0.605833673900887,84,milky_heavy_cougar
K562,3,0.140340724499745,0.111109515816628,0.791712571049393,-0.336951335776078,36,peppery_docile_prawn
K562,3,0.302832923775015,0.534525810842279,1.76508486652989,0.819737550962941,77,phobic_citied_nandoo
K562,3,0.257233489177451,0.758298057195695,2.94789787916218,1.55968654757472,35,nearby_ashy_esok
K562,3,0.228489296849714,0.889067337516789,3.89106776455075,1.96016610565901,75,slippery_crumbly_bats
K562,3,0.25225635439755,0.137941880009947,0.546832131699461,-0.870830077105239,104,binding_lucid_gemsbok
K562,3,0.107482488720873,0.147945417966641,1.37646066561455,0.460963383392505,81,trivial_moudly_rasbora
K562,3,0.239348029794418,0.131519306872665,0.549489824443635,-0.863835329564776,192,academic_lunatic_eagle
K562,3,0.12308535596464,0.0847381468438338,0.688450272412404,-0.538575644354217,84,aurous_lambskin_manatee
K562,3,0.152860404788122,0.113351312846534,0.741534820633565,-0.431413655240662,125,flimsy_novel_lice
K562,3,0.209475254861243,0.118398526925628,0.565214860361693,-0.823128698061431,78,uncheery_knotty_liger
K562,3,0.264723649012069,0.297547196222151,1.12399174509938,0.168631440053574,143,allied_antique_cooter
K562,3,0.251946997989157,0.135178198398159,0.536534269021045,-0.898257774478167,73,zippered_grownup_eyra
K562,3,0.184899945631712,0.189388179833437,1.02427385355032,0.0346014910589075,42,trendy_calx_sphinx
K562,3,0.122386154489562,0.0619618282364865,0.506281355884674,-0.981988737773708,174,comfy_exciting_sponge
K562,3,0.109052745711727,0.353767741697122,3.24400581927834,1.69777640754423,128,separate_resident_pygmy
K562,3,0.215716603236997,0.600713950471777,2.784736740045,1.47754094631443,74,decisive_shapely_rhea
K562,3,0.259602825451667,0.134721369180248,0.518951860195877,-0.946327379575575,111,trusting_lazuline_mammal
K562,3,0.119055658574456,0.468248185446858,3.93301915300414,1.97563721192964,160,newborn_topazine_wasp
K562,3,0.216784507213418,1.00627446432562,4.64181909150442,2.21469029672907,100,catching_suffixal_hoiho
K562,3,0.216901859298739,0.105411591928596,0.485987498075857,-1.04100889359942,38,agrarian_mopey_pig
K562,3,0.108558680200437,0.0517657867224278,0.476846131758881,-1.06840428098258,65,hoggish_hennish_langur
K562,3,0.182879181198578,0.107243240173569,0.586415793589538,-0.770004135640621,60,bleached_liquid_rhea
K562,3,0.140757165818736,0.0887059622187247,0.630205657401191,-0.666105389297369,73,teen_probable_anole
K562,3,0.206955004506083,0.0843427900156355,0.407541679008572,-1.29498048456417,50,baggy_balanced_cavy
K562,3,0.211923783839424,0.0990926409138025,0.467586219529214,-1.09669568278901,129,heroic_voltaic_antbear
K562,3,0.249392538352051,0.793131990259789,3.18025549401232,1.66914267278571,96,frigid_giddying_sambar
K562,3,0.222760410689634,0.491597976091132,2.2068462460148,1.14198611858941,34,main_kilted_saiga
K562,3,0.372653285486135,0.470059744933783,1.26138628918991,0.335010156836652,134,interior_male_hart
WTC11,2,0.282552372146143,0.275116478264335,0.973683130580965,-0.0384757479562931,88,frigid_giddying_sambar
WTC11,2,0.0926932498987432,0.0610100495818749,0.658193014577883,-0.603417379709398,139,gemstone_whitish_moose
WTC11,2,0.15126882765773,0.298666414906768,1.97440820776736,0.981420297007105,150,stony_dentine_gorilla
WTC11,2,0.183347561982455,0.0908046462399033,0.495259632896524,-1.01374305879957,74,milky_heavy_cougar
WTC11,2,0.368730236380664,0.0911083407089331,0.247086709251791,-2.01691068443199,81,aromatic_halite_roan
WTC11,2,0.278347302622184,0.250547936949566,0.900127052029128,-0.15179944411657,152,acrylic_native_minnow
WTC11,2,0.132204205122079,0.0607388938059554,0.459432389082239,-1.12207552741579,35,peppery_docile_prawn
WTC11,2,0.265791410700091,0.0654179074276351,0.246124986715429,-2.02253696662985,85,nickelic_binding_owl
WTC11,2,0.203531839879188,0.398306976689054,1.95697624963977,0.968626247157946,38,carroty_purply_fox
WTC11,2,0.132102183007649,0.125028172591576,0.946450465427479,-0.0794010936094011,138,newborn_topazine_wasp
WTC11,2,0.215868832080006,0.13994569451237,0.648290413970012,-0.625287854407738,110,inhumane_cold_hake
WTC11,2,0.192252666456653,0.0904334641110892,0.470388607751661,-1.08807497463487,134,banal_charming_duck
WTC11,2,0.17482793874303099,1.13794317545457,6.50893205992191,2.70242085548886,124,flimsy_novel_lice
WTC11,2,0.201018356379395,0.771347797232178,3.83720079660965,1.94005426160302,125,heroic_voltaic_antbear
WTC11,2,0.146156552029427,0.0745431878527635,0.510022895434445,-0.971366082335931,87,reserved_kneedeep_duiker
WTC11,2,0.151227596946971,0.503595797881999,3.33005223946385,1.73554480943597,81,sylphic_jazzy_redhead
WTC11,2,0.158801887516882,0.0822764097218427,0.518107253058285,-0.948677314661702,97,alchemic_fumbling_marten
WTC11,2,0.218413490185958,0.659845255437425,3.02108287759895,1.59506576217275,98,roseate_shelled_caribou
WTC11,2,0.261140881694429,0.108462310367778,0.415340216606504,-1.2676345229328,62,wired_cork_doe
WTC11,2,0.239579364579252,0.111704641135155,0.466253182244346,-1.10081452288685,187,academic_lunatic_eagle
WTC11,2,0.151458859721489,0.0541818541337216,0.357733144388874,-1.48304430300032,65,boarish_quixotic_redpoll
WTC11,2,0.241721793377863,0.731183039418302,3.02489498030203,1.5968850551054,58,godly_marshy_anchovy
WTC11,2,0.425240724804036,0.729749558430272,1.71608577416136,0.779121664063924,128,interior_male_hart
WTC11,2,0.286137475099864,0.0673822103159818,0.235488938638551,-2.08626879957625,23,brown_feudal_tick
WTC11,2,0.145351035208689,0.0663506394293317,0.456485496192498,-1.13135907236367,68,unlovely_snotty_antlion
WTC11,2,0.261229104965272,0.0959484713090952,0.367296252543723,-1.44498391829551,79,windowy_real_joey
WTC11,2,0.283049660620369,0.0991752250425366,0.350381006729247,-1.51300352268856,47,charming_queasy_hydra
WTC11,2,0.1319578837391,0.0652651094501492,0.494590452656758,-1.0156937040024001,155,comfy_exciting_sponge
WTC11,2,0.27723605129001,0.889877155372597,3.20981759490478,1.68249131529046,144,allied_antique_cooter
WTC11,2,0.199628461308486,0.0688867941945592,0.345075014569734,-1.53501807681168,40,trendy_calx_sphinx
WTC11,2,0.103555179380124,0.0563636345063739,0.54428600137399,-0.87756316337705,58,hoggish_hennish_langur
WTC11,2,0.126394539360659,0.0657688334492611,0.520345529023162,-0.942458149590386,79,aurous_lambskin_manatee
WTC11,2,0.210794801800188,0.0797197981203165,0.378186736292875,-1.4028293286913,49,baggy_balanced_cavy
WTC11,2,0.116180782242184,0.0920443853052578,0.792251382103688,-0.335969823457642,72,trivial_moudly_rasbora
WTC11,2,0.166741981892727,0.449278005120927,2.69445043186526,1.42999104660521,39,hasty_prime_whelp
WTC11,2,0.215735304967379,0.100219174779826,0.464546935398359,-1.10610372853642,59,nonfatal_smashed_cock
WTC11,2,0.181413185081015,0.8483560375933,4.67637474759315,2.22539054681374,125,cultural_lean_gonolek
WTC11,2,0.151393196468336,0.0799195971130992,0.527894244770862,-0.92167915739899,56,expected_sphene_oriole
WTC11,2,0.256906164693979,0.12006777757713,0.467360437691918,-1.09739248049572,69,decisive_shapely_rhea
WTC11,2,0.25737668880514,0.102822270228653,0.399501099753832,-1.32372862025172,34,agrarian_mopey_pig
WTC11,2,0.150663092080582,0.095109720537366,0.631274184167791,-0.663661341306887,73,dacite_culm_bilby
WTC11,2,0.334134029991663,0.106692662145987,0.319310972751413,-1.6469659645849,75,phobic_citied_nandoo
WTC11,2,0.143355583703765,0.26623052018635,1.85713394140613,0.89307787000347,60,skilled_freaky_sunbear
WTC11,2,0.108048402599563,0.098052573994675,0.907487492971709,-0.140050334921708,81,deathly_acardiac_wombat
WTC11,2,0.250363336175265,0.0701780462217458,0.280304805383397,-1.83493161757592,73,denim_illegal_tenrec
WTC11,2,0.113663863715787,0.0620787223457927,0.546160585399581,-0.872602891550054,101,baleful_bared_basenji
WTC11,2,0.289270040513844,0.0618942531990035,0.21396703609215,-2.22453954372597,45,normal_scarred_seabird
WTC11,2,0.273073127127796,0.0774123156350412,0.283485659864337,-1.81865233667175,152,foilable_dramatic_duck
WTC11,2,0.302510809314212,0.0911083407089331,0.301173835458887,-1.73133165387261,129,kneedeep_crazy_halcyon
WTC11,2,0.262847684842758,1.41418902379822,5.38026052861839,2.4276760341658,101,binding_lucid_gemsbok
WTC11,2,0.245918042803922,1.92858748105716,7.84239927687978,2.9712950950693,118,mucky_abasic_redhead
WTC11,2,0.19454603582809,0.111152175664898,0.571341251913855,-0.80757539590724,74,uncheery_knotty_liger
WTC11,2,0.271243311139947,0.10718628318698,0.39516654894276,-1.33946726769387,67,zippered_grownup_eyra
WTC11,2,0.267095952476312,0.128121104121937,0.479681938023003,-1.05984997766447,31,nearby_ashy_esok
WTC11,2,0.154619450973228,0.0455541703544666,0.294621214004661,-1.76306678047614,35,grouchy_diagonal_bear
WTC11,2,0.21997002196783,0.061416783245754,0.279205242134022,-1.84060206619882,55,bleached_liquid_rhea
WTC11,2,0.26246423075707,0.133103591504457,0.507130404476541,-0.979571322607486,31,main_kilted_saiga
WTC11,2,0.250206542974832,0.113108934346033,0.452062256251272,-1.14540662622902,87,catching_suffixal_hoiho
WTC11,2,0.27186964267737,1.33383396214608,4.90615262892354,2.29459211639978,115,trusting_lazuline_mammal
WTC11,2,0.0928983501523263,0.0525625042551537,0.565806649622588,-0.82161896283125,38,dacite_fatherly_grouse
WTC11,2,0.258918962280612,0.106609412565661,0.411748184167831,-1.28016580728629,71,slippery_crumbly_bats
WTC11,2,0.215656884282186,0.0564004013912443,0.261528406936663,-1.93496043590719,20,depleted_rhyolite_nandu
WTC11,2,0.131996271487097,0.0693665775852104,0.525519219624256,-0.928184566571362,65,teen_probable_anole
WTC11,2,0.113253610854481,0.426790300943896,3.76844762585342,1.91397034213839,121,separate_resident_pygmy
WTC11,2,0.122427455745143,0.0776892827750593,0.634574020200052,-0.656139637129736,128,atomic_decayed_moose
WTC11,2,0.177309169222554,0.384173503322668,2.16668717702052,1.11549087436412,29,friendly_undyed_mole
WTC11,2,0.095310540267077,0.373828910471341,3.92222003383683,1.97167047199639,79,lilac_premium_fantail
WTC11,1,0.152837455177524,0.0717835781712092,0.469672686501034,-1.09027239781129,81,milky_heavy_cougar
WTC11,1,0.171035532079578,0.346138203501461,2.02377949945753,1.01705211000822,58,skilled_freaky_sunbear
WTC11,1,0.138819627342701,0.0472981390923194,0.340716511041738,-1.55335623309777,37,grouchy_diagonal_bear
WTC11,1,0.282466391199651,0.0750066552219932,0.265541875277394,-1.91298870658384,126,kneedeep_crazy_halcyon
WTC11,1,0.207597868551164,0.129985421541214,0.626140443774247,-0.675441803845607,111,inhumane_cold_hake
WTC11,1,0.190124877218153,0.0635640844874829,0.334328076459706,-1.58066357909351,40,trendy_calx_sphinx
WTC11,1,0.20477123090615101,0.0924875694834396,0.451662907304726,-1.14668165719087,59,nonfatal_smashed_cock
WTC11,1,0.113273633744915,0.482758262357521,4.26187671744214,2.09148886113862,122,separate_resident_pygmy
WTC11,1,0.195635401444149,0.0834012510181834,0.426309606556528,-1.23002652920478,138,banal_charming_duck
WTC11,1,0.269174764418746,0.0845653526187116,0.314165233138854,-1.67040456019226,88,nickelic_binding_owl
WTC11,1,0.16387200170391,0.32280979930508,1.96988988935611,0.978114989823994,37,carroty_purply_fox
WTC11,1,0.199896681798004,0.108067267166629,0.540615612998673,-0.887324917327559,78,uncheery_knotty_liger
WTC11,1,0.170131586558308,1.114237173129,6.54926692726239,2.71133343190343,125,flimsy_novel_lice
WTC11,1,0.125204684647716,0.0709207357994349,0.566438356511838,-0.820009133711152,133,atomic_decayed_moose
WTC11,1,0.151272131069302,0.296795822804304,1.96199934982296,0.972324563469819,151,stony_dentine_gorilla
WTC11,1,0.268467831822371,0.0905272471009614,0.337199605950771,-1.56832524453026,33,nearby_ashy_esok
WTC11,1,0.145598505111028,0.0633150089213094,0.434860295255282,-1.20137610476387,65,teen_probable_anole
WTC11,1,0.270397223777624,0.124529243353064,0.460541871004849,-1.11859576735477,34,agrarian_mopey_pig
WTC11,1,0.288762252611504,0.129915649441621,0.449905236112724,-1.15230693741717,22,brown_feudal_tick
WTC11,1,0.130080592147388,0.412519552878675,3.17126133936468,1.66505677289101,82,sylphic_jazzy_redhead
WTC11,1,0.35865678271536,0.0940462998231003,0.262218099184083,-1.93116082617764,85,aromatic_halite_roan
WTC11,1,0.128668446377188,0.389247185378943,3.02519534772244,1.59702830539249,42,hasty_prime_whelp
WTC11,1,0.203909017536446,0.860328750255632,4.21917951765845,2.07696247265463,125,cultural_lean_gonolek
WTC11,1,0.263121622801999,0.853579609156441,3.24404965303352,1.69779590144082,147,allied_antique_cooter
WTC11,1,0.246397470187894,0.102921389828929,0.417704734348306,-1.25944459950225,73,slippery_crumbly_bats
WTC11,1,0.222470443124194,0.034721133924589,0.156070772534966,-2.67972770662261,21,depleted_rhyolite_nandu
WTC11,1,0.282742903473674,0.246987830847247,0.873542104197299,-0.195050853047307,154,acrylic_native_minnow
WTC11,1,0.246397470187894,1.93174819181839,7.83996763580934,2.97084769875965,117,mucky_abasic_redhead
WTC11,1,0.208348545775318,0.106793366793035,0.512570732834394,-0.964176990038822,72,decisive_shapely_rhea
WTC11,1,0.256830239784891,0.0806336083567007,0.313956831657502,-1.67136188938524,72,denim_illegal_tenrec
WTC11,1,0.134018962983554,0.0594032560464554,0.443245155193038,-1.17382323278128,58,hoggish_hennish_langur
WTC11,1,0.257252743350018,0.105420275399997,0.409792618835406,-1.28703409605664,64,wired_cork_doe
WTC11,1,0.263869290801217,0.0876198026685217,0.332057597162866,-1.5904945884532,49,charming_queasy_hydra
WTC11,1,0.207933218643411,0.636100250919105,3.05915646893326,1.61313389937111,98,roseate_shelled_caribou
WTC11,1,0.117598792589677,0.0988531107029476,0.840596306527261,-0.250514977401176,69,trivial_moudly_rasbora
WTC11,1,0.0851353577823125,0.0568177464349946,0.667381308013941,-0.583416814739967,137,gemstone_whitish_moose
WTC11,1,0.407743182040254,0.740215876794799,1.81539731232519,0.860285326618934,132,interior_male_hart
WTC11,1,0.130173513781901,0.0551575604085581,0.423723373565624,-1.23880538158057,166,comfy_exciting_sponge
WTC11,1,0.252370742192449,0.0743894620946424,0.294762623624238,-1.76237449491353,44,normal_scarred_seabird
WTC11,1,0.260593502778337,0.0688308428606222,0.264131078199483,-1.92067403296433,156,foilable_dramatic_duck
WTC11,1,0.15407409376614,0.0516124963743891,0.334984909615815,-1.57783198831035,73,unlovely_snotty_antlion
WTC11,1,0.277621392029886,0.129353244032783,0.465933994088099,-1.10180250298315,32,main_kilted_saiga
WTC11,1,0.21054047399776,0.794865393319684,3.77535671990622,1.91661296595448,128,heroic_voltaic_antbear
WTC11,1,0.146547647908362,0.075396440366655,0.514484138386179,-0.958801495560822,58,expected_sphene_oriole
WTC11,1,0.165914575591637,0.0794168754061736,0.478661233487051,-1.06292312718507,85,reserved_kneedeep_duiker
WTC11,1,0.252650739317663,1.23023445157021,4.86930873383833,2.28371697619892,119,trusting_lazuline_mammal
WTC11,1,0.199240059625618,0.0677939993656578,0.340262894385026,-1.55527826067359,56,bleached_liquid_rhea
WTC11,1,0.219140607182415,0.102819156192653,0.469192622557011,-1.09174776584339,195,academic_lunatic_eagle
WTC11,1,0.128727792250062,0.0642715852096265,0.499282898325288,-1.00207060324808,78,aurous_lambskin_manatee
WTC11,1,0.164774065807469,0.0568473467196703,0.345001784359037,-1.53532427131749,65,boarish_quixotic_redpoll
WTC11,1,0.125614396566377,0.0682808919739611,0.543575369069102,-0.879448009876503,101,baleful_bared_basenji
WTC11,1,0.249655618554015,0.749976492771123,3.00404411931494,1.58690600135068,54,godly_marshy_anchovy
WTC11,1,0.0953390211352022,0.422934047496134,4.43610645945654,2.14929398828751,79,lilac_premium_fantail
WTC11,1,0.198237964651169,0.375941375552119,1.89641462579404,0.923274424774267,29,friendly_undyed_mole
WTC11,1,0.244530822686471,0.0973553362983575,0.398131144486367,-1.32868436176871,83,windowy_real_joey
WTC11,1,0.115688223970573,0.129249120678453,1.11721933523095,0.159912447044524,84,deathly_acardiac_wombat
WTC11,1,0.346459600724724,0.100212932201852,0.289248535737576,-1.78961843888903,75,phobic_citied_nandoo
WTC11,1,0.269869569620687,0.272945484581156,1.01139778362115,0.016350522056894,93,frigid_giddying_sambar
WTC11,1,0.0973323340027937,0.0583062178929724,0.599042635629172,-0.739269407362804,41,dacite_fatherly_grouse
WTC11,1,0.238428321239509,1.28146121654258,5.37461829148774,2.42616229730073,103,binding_lucid_gemsbok
WTC11,1,0.135788950655272,0.12612293434514,0.928815884772015,-0.106535449249509,144,newborn_topazine_wasp
WTC11,1,0.148757447036514,0.0616391774196701,0.414360280090987,-1.27104237965776,77,dacite_culm_bilby
WTC11,1,0.14399852153838,0.0828055277966249,0.575044291510694,-0.798255014166135,34,peppery_docile_prawn
WTC11,1,0.202969344644573,0.0609808150440261,0.300443474115817,-1.73483450922127,48,baggy_balanced_cavy
WTC11,1,0.155990150995241,0.0771276613497693,0.494439301825679,-1.01613467062677,96,alchemic_fumbling_marten
WTC11,1,0.254707062291005,0.104602631804439,0.41067817619022,-1.28391981165294,92,catching_suffixal_hoiho
WTC11,1,0.235508693096257,0.101411808644122,0.430607496100678,-1.21555466044227,71,zippered_grownup_eyra
WTC11,3,0.196628208293014,0.0991022449168117,0.504008279265457,-0.988480662040917,76,uncheery_knotty_liger
WTC11,3,0.26242339595004,0.101918950741002,0.388376007299309,-1.36447401673443,61,wired_cork_doe
WTC11,3,0.179762653086598,0.0921874208890841,0.512828550904142,-0.963451510970496,73,dacite_culm_bilby
WTC11,3,0.119456959367759,0.114983993520706,0.962555837092063,-0.0550578621828195,84,deathly_acardiac_wombat
WTC11,3,0.191760172037442,0.0459534862059015,0.239640409776692,-2.06105688931168,58,bleached_liquid_rhea
WTC11,3,0.26543177703236,0.05830657389566,0.219666893495392,-2.18661064064299,20,depleted_rhyolite_nandu
WTC11,3,0.13795278573871,0.050914133276746,0.369069265286023,-1.43803649457194,69,teen_probable_anole
WTC11,3,0.146107041231326,0.075659720888416,0.517837608993988,-0.949428347226082,62,expected_sphene_oriole
WTC11,3,0.337126352272314,0.116524265818918,0.345639743180906,-1.53265898041426,81,aromatic_halite_roan
WTC11,3,0.2732385940039,0.0878885856515463,0.321655094046823,-1.63641355808251,50,charming_queasy_hydra
WTC11,3,0.281797080852768,1.38120204345467,4.90140649887113,2.29319580183561,111,trusting_lazuline_mammal
WTC11,3,0.208901982356279,0.340364625115915,1.62930299309189,0.704254919384291,29,friendly_undyed_mole
WTC11,3,0.234903137211521,0.145159074594404,0.617952898873774,-0.69443121654877,107,inhumane_cold_hake
WTC11,3,0.259544556360814,0.11859367000245,0.456929907008271,-1.12995522187379,91,catching_suffixal_hoiho
WTC11,3,0.255649279107335,0.139140687705552,0.544263954865814,-0.877621601463122,32,main_kilted_saiga
WTC11,3,0.122963354999213,0.510871957427008,4.15466833537745,2.05473331213292,73,lilac_premium_fantail
WTC11,3,0.218994338914767,0.0591953936196792,0.270305588322619,-1.88733675629633,40,trendy_calx_sphinx
WTC11,3,0.24606243114081,1.94197332681233,7.89219759314265,2.98042707657319,119,mucky_abasic_redhead
WTC11,3,0.231571290881205,0.0968305602195782,0.41814578936407,-1.25792205946667,69,slippery_crumbly_bats
WTC11,3,0.130926128414708,0.0748367881444296,0.571595517644762,-0.806933491779436,96,baleful_bared_basenji
WTC11,3,0.175565737760593,0.0810124993069507,0.461436840355615,-1.11579490387771,77,milky_heavy_cougar
WTC11,3,0.270075202714106,0.831663767657187,3.07937848162078,1.62263919768475,54,godly_marshy_anchovy
WTC11,3,0.0822701137552859,0.0517936055349746,0.629555535671626,-0.66759444529249,140,gemstone_whitish_moose
WTC11,3,0.152156972725848,0.297363526867866,1.95432073562378,0.966667256314266,149,stony_dentine_gorilla
WTC11,3,0.162367726671146,1.05836843508819,6.51834238728836,2.70450513413688,125,flimsy_novel_lice
WTC11,3,0.127694206248,0.424284443972883,3.32266009899355,1.73233871596776,41,hasty_prime_whelp
WTC11,3,0.156585183453242,0.0828218379199716,0.528925126205845,-0.918864583695004,98,alchemic_fumbling_marten
WTC11,3,0.27401529187837,0.870776062069363,3.17783747067621,1.6680453404682,142,allied_antique_cooter
WTC11,3,0.185802243922652,0.293354949912539,1.57885579699813,0.658879410301388,59,skilled_freaky_sunbear
WTC11,3,0.273410241331032,0.0980968709460766,0.358790038253562,-1.4787882602648,73,zippered_grownup_eyra
WTC11,3,0.303265942195727,0.0855585595208054,0.282123864293295,-1.82559938911484,22,brown_feudal_tick
WTC11,3,0.245662979142204,0.0946653607425275,0.385346465605343,-1.37577193625401,87,nickelic_binding_owl
WTC11,3,0.139119197651796,0.438648993427998,3.1530443018073,1.65674544073126,80,sylphic_jazzy_redhead
WTC11,3,0.203050630843791,0.0904702546044072,0.445555151581907,-1.16632407281683,137,banal_charming_duck
WTC11,3,0.395371228351193,0.6808182679019,1.72197221012035,0.784061860130184,130,interior_male_hart
WTC11,3,0.178836684647435,0.0680635207370709,0.380590374235877,-1.39368902097321,61,boarish_quixotic_redpoll
WTC11,3,0.148928748410589,0.0680937487995744,0.4572236692129,-1.12902800504408,69,unlovely_snotty_antlion
WTC11,3,0.161411215762922,0.0531006297978332,0.328977323830003,-1.60393995142982,34,grouchy_diagonal_bear
WTC11,3,0.228552617968867,0.0785412566127394,0.343646278527591,-1.5410037589162,75,denim_illegal_tenrec
WTC11,3,0.233229243122128,0.114299394858953,0.490073171480906,-1.02893092473809,188,academic_lunatic_eagle
WTC11,3,0.268955394422217,0.106752477206025,0.396915174114114,-1.33309737709304,33,nearby_ashy_esok
WTC11,3,0.185459856495276,0.842960666349471,4.54524597548657,2.18435837098974,131,cultural_lean_gonolek
WTC11,3,0.296122326251727,0.0886556011284596,0.299388439401545,-1.73990958070569,127,kneedeep_crazy_halcyon
WTC11,3,0.123380826361227,0.061443319959667,0.497997312643836,-1.00579013782668,78,aurous_lambskin_manatee
WTC11,3,0.292964943525609,0.263691480443122,0.900078614423273,-0.151877080461215,149,acrylic_native_minnow
WTC11,3,0.105455327631776,0.0475884536942519,0.451266472381739,-1.14794849986327,33,dacite_fatherly_grouse
WTC11,3,0.130950022224073,0.0543389667962512,0.414959584376931,-1.26895726507444,168,comfy_exciting_sponge
WTC11,3,0.19623189171041,0.368901207916772,1.87992484147877,0.910674984778797,38,carroty_purply_fox
WTC11,3,0.186540726609149,0.562486948169897,3.01535733453238,1.59232897864625,101,roseate_shelled_caribou
WTC11,3,0.167273967967644,0.0919836467491878,0.549898157297137,-0.86276364273601,86,reserved_kneedeep_duiker
WTC11,3,0.271656811733468,0.252740189265462,0.930365734813357,-0.104130131271802,92,frigid_giddying_sambar
WTC11,3,0.259520539619531,0.0779850425854453,0.300496610787627,-1.73457937558969,149,foilable_dramatic_duck
WTC11,3,0.122005660740988,0.110248697823836,0.903635922745328,-0.14618647075176,70,trivial_moudly_rasbora
WTC11,3,0.169589384028243,0.0805880146343586,0.475194925060508,-1.0734086662174,34,peppery_docile_prawn
WTC11,3,0.125271658428516,0.075013649877301,0.598807829466921,-0.739835009998624,129,atomic_decayed_moose
WTC11,3,0.224092571217523,0.0628617749812584,0.280516996345406,-1.83383990943521,47,baggy_balanced_cavy
WTC11,3,0.112617399063442,0.0616520330536077,0.547446785011228,-0.869209361646923,60,hoggish_hennish_langur
WTC11,3,0.216134824719964,0.809709034260698,3.74631452987644,1.90547202922425,123,heroic_voltaic_antbear
WTC11,3,0.117604558925759,0.429188107445675,3.64941726210301,1.86766611325486,123,separate_resident_pygmy
WTC11,3,0.26585376713893,0.0996785178730952,0.374937391129783,-1.41527838740592,33,agrarian_mopey_pig
WTC11,3,0.195343440232194,0.0841801160618591,0.430933928274218,-1.21446140575441,59,nonfatal_smashed_cock
WTC11,3,0.124809728040385,0.118283388189373,0.947709686148017,-0.0774829118178375,143,newborn_topazine_wasp
WTC11,3,0.294540979191314,0.0950285026472536,0.322632534556522,-1.63203616638555,77,phobic_citied_nandoo
WTC11,3,0.228309723404005,0.125338603391903,0.548984955713473,-0.865161480474656,70,decisive_shapely_rhea
WTC11,3,0.279989406464854,0.0911929036843707,0.325701264329149,-1.6183787747917,81,windowy_real_joey
WTC11,3,0.25201044314778,1.34713659444851,5.34555861107132,2.41834071750841,102,binding_lucid_gemsbok
WTC11,3,0.264948323149399,0.0955403914648994,0.36060009865028,-1.47152830343533,45,normal_scarred_seabird
